{
    "Class IoU": {
        "0": 0.98249925261526,
        "1": 0.890623297577921
    },
    "Frequency Weighted IoU": 0.9705108976837032,
    "Mean Accuracy": 0.9724488355528134,
    "Mean IoU": 0.9365612750965906,
    "Pixel Accuracy": 0.9846821073863402
}